{"cameraMode":{"drawMode":0,"name":"Shaded","section":"Shading Mode"},"sceneLighting":false,"audioPlay":false,"sceneViewState":{"m_AlwaysRefresh":false,"showFog":true,"showSkybox":true,"showFlares":true,"showImageEffects":true,"showParticleSystems":true,"showVisualEffectGraphs":true,"m_FxEnabled":false},"in2DMode":false,"pivot":{"x":1.2495732307434083,"y":-7.241884231567383,"z":10.887553215026856},"rotation":{"x":0.38904327154159548,"y":-0.2788689136505127,"z":0.12483548372983933,"w":0.8690779805183411},"size":12.618973731994629,"orthographic":false}